,precision,recall,f1-score,support
0,0.9981680266449142,0.99945458393709,0.9988108909911094,368526.0
1,0.8640054127198917,0.6538658474142345,0.7443893908481493,1953.0
accuracy,0.9976327943014314,0.9976327943014314,0.9976327943014314,0.9976327943014314
macro avg,0.931086719682403,0.8266602156756622,0.8716001409196293,370479.0
weighted avg,0.9974607812005151,0.9976327943014314,0.9974696943516799,370479.0
